{"n_2": 3.962306095037843, "n_5": 593631.1593727805, "n_10": 2005586.3163308837, "g_2": 2386.424464814117, "g_5": 0.14097055980845485, "g_10": 29434.33640724062}