{"bfmi_min": 1.0103698256972788, "bfmi_max": 1.0332172509937039, "rhat_max": 1.0004236483335962, "ess_min": 11186.552817891305, "r2_score": 0.9933236219946889, "r2_sd": 0.00964899034862624}