{"n_2": 31.565558586233355, "n_5": 263963.9585979394, "n_10": 386447464257.5898, "g_2": 9.254190253703008, "g_5": 0.20946303369122968, "g_10": 0.3019289615313221}