{"bfmi_min": 1.0049449501114172, "bfmi_max": 1.0409848531634183, "rhat_max": 1.000243273085939, "ess_min": 12506.810926796163, "r2_score": 0.9498291875953788, "r2_sd": 0.02414998526322285}