{"n_2": 9314.345723163757, "n_5": 3444758683658825.5, "n_10": 2.338958689689488e+18, "g_2": 243609.8438713416, "g_5": 0.14811213316725516, "g_10": 436323.08571740007}