{"bfmi_min": 0.9719315280699808, "bfmi_max": 1.010422481428424, "rhat_max": 1.0003975944531347, "ess_min": 12285.237829594864, "r2_score": 0.9770664474896882, "r2_sd": 0.018932209419670786}