{"n_2": 3.0767283190325543, "n_5": 41670368.448848, "n_10": 8.858732077677053e+18, "g_2": 1.0098013979844962, "g_5": 1.0190618655702708, "g_10": 0.9991787959771667}