{"bfmi_min": 1.0168933933579518, "bfmi_max": 1.0455375075004478, "rhat_max": 1.0004179101916606, "ess_min": 18027.635303178926, "r2_score": 0.949529692939306, "r2_sd": 0.024475579272092613}