{"n_2": 88.6321845553059, "n_5": 311550.2403517515, "n_10": 7569823612075.074, "g_2": 19.784668181369085, "g_5": 0.5288512178668033, "g_10": 0.5885532507312865}