{"bfmi_min": 0.9707562011923686, "bfmi_max": 0.9830014009531448, "rhat_max": 1.0003038881170276, "ess_min": 7598.449958814511, "r2_score": 0.9349588450312718, "r2_sd": 0.026919161567238538}