{"n_2": 4.222683973404485, "n_5": 1622768.0599170092, "n_10": 6272667.799958934, "g_2": 2141.8965316165863, "g_5": 0.1386022728041805, "g_10": 19365.174944227256}