{"bfmi_min": 0.9916250530445364, "bfmi_max": 1.0253087182848721, "rhat_max": 1.0004890996235374, "ess_min": 10759.640516833813, "r2_score": 0.9933157738368459, "r2_sd": 0.009654994303457972}