{"bfmi_min": 0.816513124213208, "bfmi_max": 0.8402711137659067, "rhat_max": 1.0002804834665826, "ess_min": 22651.733024491048, "r2_score": 0.9771043701597862, "r2_sd": 0.01888773103801438}