{"n_2": 2666.3958256782344, "n_5": 1499609323567582.2, "n_10": 9.537590741556705e+18, "g_2": 55776.95498823423, "g_5": 0.18147446540379075, "g_10": 1138.2993441004228}