{"bfmi_min": 1.0147144490609579, "bfmi_max": 1.023308726065715, "rhat_max": 1.0005137276460536, "ess_min": 9251.477823712941, "r2_score": 0.9821505631682476, "r2_sd": 0.016607232789949713}