{"n_2": 29885.57390145248, "n_5": 2.7164172155917756e+16, "n_10": 4.5480982448956486e+20, "g_2": 2254.9882052056264, "g_5": 0.11400696550253825, "g_10": 30420.25099543207}