{"bfmi_min": 0.9972289032491714, "bfmi_max": 1.0375073550862492, "rhat_max": 1.0004582721073096, "ess_min": 10457.508982580004, "r2_score": 0.9769332331720846, "r2_sd": 0.019134889691745004}