{"bfmi_min": 0.8537174463558815, "bfmi_max": 0.8798141535898448, "rhat_max": 1.0002664012333595, "ess_min": 21203.918785465547, "r2_score": 0.9823091283278115, "r2_sd": 0.01642096186706107}