{"n_2": 0.680942439215564, "n_5": 797496.4839735039, "n_10": 5169318511433.179, "g_2": 0.9729840613383354, "g_5": 0.9867255748232224, "g_10": 1.0142804674932704}