{"bfmi_min": 1.033352081344679, "bfmi_max": 1.0755032830791535, "rhat_max": 1.0005477151492015, "ess_min": 5783.442207757518, "r2_score": 0.9931099530017318, "r2_sd": 0.010099949469028105}