{"n_2": 119.00988283128363, "n_5": 3.936967541948023e+22, "n_10": 7.571788072064272e+44, "g_2": 0.995083150522844, "g_5": 0.9710085984387162, "g_10": 1.0130034516074329}