{"bfmi_min": 0.9860791337602922, "bfmi_max": 1.0101768480918982, "rhat_max": 1.0003499181024291, "ess_min": 12454.929161970791, "r2_score": 0.9768757558029753, "r2_sd": 0.019124153596377955}