{"n_2": 0.682921918099898, "n_5": 1041354.6077366909, "n_10": 35710405732288.08, "g_2": 0.9961536688067244, "g_5": 1.0144588851365148, "g_10": 1.0327374185371465}