{"bfmi_min": 1.041112448198997, "bfmi_max": 1.0744223352147202, "rhat_max": 1.0002805325876591, "ess_min": 6583.236006268606, "r2_score": 0.9931052261799524, "r2_sd": 0.010092372360755757}