{"bfmi_min": 0.8205655391865658, "bfmi_max": 0.8418056436484512, "rhat_max": 1.0005653384071345, "ess_min": 7727.92833422312, "r2_score": 0.9768752419910252, "r2_sd": 0.019161432950140826}