{"n_2": 1322.7592685761795, "n_5": 77688256097665.88, "n_10": 2.576892956961151e+18, "g_2": 15310.620164324293, "g_5": 0.12779543064613316, "g_10": 50535.327945142766}