{"bfmi_min": 1.0034135585574473, "bfmi_max": 1.0423535989115198, "rhat_max": 1.0004942603901295, "ess_min": 8218.259044736293, "r2_score": 0.9822626885825115, "r2_sd": 0.016432293452822933}