{"n_2": 23.255670234519627, "n_5": 1.9635281391454716e+16, "n_10": 5.1683944009648233e+33, "g_2": 1.0005447040500515, "g_5": 1.0169760757970407, "g_10": 0.9938537337726395}