{"bfmi_min": 1.0317773262971692, "bfmi_max": 1.050058244081818, "rhat_max": 1.0003456777564168, "ess_min": 9594.399743276197, "r2_score": 0.9821723434457664, "r2_sd": 0.01651748051430185}