{"n_2": 98.18730465135187, "n_5": 28265.835797897453, "n_10": 11341173822471.125, "g_2": 1.5900721832245257, "g_5": 0.36493256488867776, "g_10": 0.4583364530995741}