{"bfmi_min": 0.9257118603708608, "bfmi_max": 0.9664087232884182, "rhat_max": 1.0004008619410523, "ess_min": 6932.567893712282, "r2_score": 0.9342572488820712, "r2_sd": 0.027210195229398264}