{"n_2": 4.137266439546758, "n_5": 1619713.4255106458, "n_10": 85270382.6798245, "g_2": 2746.2643879748434, "g_5": 0.15102860045712366, "g_10": 1526.0866624447453}