{"bfmi_min": 1.0389540334950251, "bfmi_max": 1.0635743449968411, "rhat_max": 1.0002685899648578, "ess_min": 7061.980347488246, "r2_score": 0.993164126034165, "r2_sd": 0.010143916466346665}