{"pres_bfmi_min": 0.7995257841637733, "pres_bfmi_max": 0.8553412174685432, "pres_rhat_max": 1.0005653384071345, "pres_ess_min": 7727.92833422312, "pres_r2_score": 0.976747997613812, "pres_r2_sd": 0.01888773103801438}