{"n_2": 534.5390089697381, "n_5": 307854284.6543756, "n_10": 3905481915069.7554, "g_2": 10.36964667497175, "g_5": 0.16910378681483515, "g_10": 0.4685806106723748}