{"bfmi_min": 0.9925697787359942, "bfmi_max": 1.005057793199579, "rhat_max": 1.001086903782852, "ess_min": 7445.765513782713, "r2_score": 0.9765128196364946, "r2_sd": 0.01945927099411488}