{"n_2": 4.107689280240649, "n_5": 1618063.0800617903, "n_10": 50785925.7720737, "g_2": 756.528925312084, "g_5": 0.15443447149607306, "g_10": 1202.4576541514396}