{"bfmi_min": 1.0447698714424172, "bfmi_max": 1.0522777386447018, "rhat_max": 1.000323282728653, "ess_min": 6159.761547988936, "r2_score": 0.9931638044776024, "r2_sd": 0.010128965767083805}