{"n_2": 52.885522998626236, "n_5": 1993050.7245037616, "n_10": 73592746966500.6, "g_2": 7.406291857502992, "g_5": 0.2778194307352117, "g_10": 0.2364839302949333}