{"bfmi_min": 0.9845562749467045, "bfmi_max": 1.0087660971736958, "rhat_max": 1.0002503116851373, "ess_min": 16387.749998508356, "r2_score": 0.9492500647042666, "r2_sd": 0.02442659768728222}