{"bfmi_min": 0.7995257841637733, "bfmi_max": 0.8553412174685432, "rhat_max": 1.000322981935226, "ess_min": 13499.51788796877, "r2_score": 0.976747997613812, "r2_sd": 0.018991445945436832}