{"n_2": 29.722326131545362, "n_5": 4175977720911.5356, "n_10": 7.119941146640328e+23, "g_2": 1.0112449304003988, "g_5": 0.986483641620982, "g_10": 0.9860959347557688}