{"bfmi_min": 0.9643965136859669, "bfmi_max": 1.014986365574354, "rhat_max": 1.0004001222356418, "ess_min": 10253.409123054946, "r2_score": 0.9345083723705163, "r2_sd": 0.02732279783210423}